rank,ticker,name,mentions,upvotes,rank_24h_ago,mentions_24h_ago,effective_date
1,SPY,SPDR S&amp;P 500 ETF Trust,74,507,1,126,2023-06-25 19:58:48.521072
2,NVDA,NVIDIA,51,432,4,47,2023-06-25 19:58:48.521072
3,TSLA,Tesla,44,264,3,61,2023-06-25 19:58:48.521072
4,QQQ,Invesco QQQ ETF,41,174,2,98,2023-06-25 19:58:48.521072
5,CCL,Carnival Cruise Line,27,90,10,19,2023-06-25 19:58:48.521072
6,VTI,Vanguard Total Stock Market ETF,20,255,16,16,2023-06-25 19:58:48.521072
7,MSFT,Microsoft,20,79,14,14,2023-06-25 19:58:48.521072
8,AMD,AMD,19,60,8,27,2023-06-25 19:58:48.521072
9,AAPL,Apple,18,61,9,19,2023-06-25 19:58:48.521072
10,CD,Chindata,15,108,30,7,2023-06-25 19:58:48.521072
11,DTE,DTE Energy,15,89,7,35,2023-06-25 19:58:48.521072
12,VOO,Vanguard S&amp;P 500 ETF,15,25,13,17,2023-06-25 19:58:48.521072
13,IBKR,Interactive Brokers,14,50,50,5,2023-06-25 19:58:48.521072
14,DM,Desktop Metal,13,79,24,12,2023-06-25 19:58:48.521072
15,NKE,Nike,12,29,303,1,2023-06-25 19:58:48.521072
16,EU,enCore Energy,10,28,39,7,2023-06-25 19:58:48.521072
17,SPCE,Virgin Galactic,10,12,59,4,2023-06-25 19:58:48.521072
18,DAL,Delta Air Lines,9,118,588,,2023-06-25 19:58:48.521072
19,TQQQ,ProShares Trust - ProShares UltraPro QQQ,9,21,34,13,2023-06-25 19:58:48.521072
20,AM,Antero Midstream,9,52,56,9,2023-06-25 19:58:48.521072
21,IP,International Paper,9,19,6,18,2023-06-25 19:58:48.521072
22,IBM,IBM,9,125,691,1,2023-06-25 19:58:48.521072
23,ES,Eversource Energy,9,18,97,4,2023-06-25 19:58:48.521072
24,SF,Stifel,7,104,324,1,2023-06-25 19:58:48.521072
25,YOU,CLEAR Secure,7,71,26,10,2023-06-25 19:58:48.521072
26,ALL,Allstate,6,19,29,11,2023-06-25 19:58:48.521072
27,IT,Gartner,6,120,17,12,2023-06-25 19:58:48.521072
28,META,Meta Platforms (Facebook),6,81,11,19,2023-06-25 19:58:48.521072
29,AC,Associated Capital Group,6,25,137,2,2023-06-25 19:58:48.521072
30,UI,Ubiquiti,5,228,15,11,2023-06-25 19:58:48.521072
31,TA,TravelCenters of America,5,59,70,5,2023-06-25 19:58:48.521072
32,DO,Diamond Offshore Drilling,5,7,49,8,2023-06-25 19:58:48.521072
33,GOOGL,Alphabet (Google),5,12,452,1,2023-06-25 19:58:48.521072
34,AMC,AMC Entertainment,5,12,25,6,2023-06-25 19:58:48.521072
35,DCP,DCP Midstream,5,45,0,,2023-06-25 19:58:48.521072
36,WW,Weight Watchers,5,13,22,10,2023-06-25 19:58:48.521072
37,TLT,BlackRock Institutional Trust Company N.A. - BTC iShares 20+ Year Trea,5,8,820,1,2023-06-25 19:58:48.521072
38,KO,Coca-Cola,5,28,62,5,2023-06-25 19:58:48.521072
39,FCF,First Commonwealth Financial Corp,5,80,919,2,2023-06-25 19:58:48.521072
40,AAL,American Airlines,5,60,929,1,2023-06-25 19:58:48.521072
41,UVXY,ProShares Trust - ProShares Ultra VIX Short-Term Futures ETF,4,15,33,6,2023-06-25 19:58:48.521072
42,SO,Southern Company,4,23,114,1,2023-06-25 19:58:48.521072
43,UP,Wheels Up,4,18,57,5,2023-06-25 19:58:48.521072
44,IQ,iQIYI,4,99,126,3,2023-06-25 19:58:48.521072
45,AMZN,Amazon,4,3,28,11,2023-06-25 19:58:48.521072
46,JEPI,J.P. Morgan Exchange-Traded Fund Trust - JPMorgan Equity Premium Incom,4,6,20,12,2023-06-25 19:58:48.521072
47,SMH,VanEck Vectors ETF Trust - VanEck Vectors Semiconductor ETF,4,7,762,1,2023-06-25 19:58:48.521072
48,JUST,Goldman Sachs ETF Trust - Goldman Sachs Just Us Large Cap Equity ETF,4,9,829,1,2023-06-25 19:58:48.521072
49,VXUS,"Vanguard Group, Inc. - Vanguard Total International Stock ETF",4,33,61,5,2023-06-25 19:58:48.521072
50,BIG,Big Lots,4,7,901,1,2023-06-25 19:58:48.521072
51,SCHD,Schwab Strategic Trust - CSIM Schwab US Dividend Equity ETF,3,4,48,6,2023-06-25 19:58:48.521072
52,NFLX,Netflix,3,9,66,1,2023-06-25 19:58:48.521072
53,ME,23andMe,3,-3,53,3,2023-06-25 19:58:48.521072
54,MCD,McDonald,3,3,299,1,2023-06-25 19:58:48.521072
55,MU,Micron Technology,3,10,339,1,2023-06-25 19:58:48.521072
56,BOIL,ProShares Trust - ProShares Ultra Bloomberg Natural Gas,3,5,112,7,2023-06-25 19:58:48.521072
57,TD,Toronto Dominion Bank,3,29,18,12,2023-06-25 19:58:48.521072
58,VERY,Vericity,3,4,389,,2023-06-25 19:58:48.521072
59,IRS,IRSA Inversiones y Representaciones,3,8,89,4,2023-06-25 19:58:48.521072
60,OG,Onion Global,3,17,54,4,2023-06-25 19:58:48.521072
61,VT,"Vanguard Group, Inc. - Vanguard Total World Stock ETF",3,33,40,8,2023-06-25 19:58:48.521072
62,NKLA,Nikola,3,59,584,1,2023-06-25 19:58:48.521072
63,FL,Foot Locker,3,7,300,,2023-06-25 19:58:48.521072
64,INTC,Intel,3,12,81,5,2023-06-25 19:58:48.521072
65,CIA,Citizens Inc,3,5,12,21,2023-06-25 19:58:48.521072
66,EDIT,Editas Medicine,2,3,139,1,2023-06-25 19:58:48.521072
67,SOFI,SoFi,2,3,103,2,2023-06-25 19:58:48.521072
68,ASTS,AST SpaceMobile,2,28,32,6,2023-06-25 19:58:48.521072
69,LSI,Life Storage,2,16,0,,2023-06-25 19:58:48.521072
70,COST,Costco,2,76,218,1,2023-06-25 19:58:48.521072
71,SD,SandRidge Energy,2,4,225,1,2023-06-25 19:58:48.521072
72,DRIP,Direxion Shares ETF Trust - Direxion Daily S&P Oil & Gas Exp. & Prod.,2,2,109,3,2023-06-25 19:58:48.521072
73,BCH,Banco de Chile,2,2,296,1,2023-06-25 19:58:48.521072
74,SBUX,Starbucks,2,6,315,1,2023-06-25 19:58:48.521072
75,DIA,SSgA Active Trust - SPDR Dow Jones Industrial Average ETF,2,0,347,1,2023-06-25 19:58:48.521072
76,BABY,PishPosh,2,8,458,1,2023-06-25 19:58:48.521072
77,HR,Healthcare Realty,2,5,121,1,2023-06-25 19:58:48.521072
78,BJ,BJ's Wholesale Club,2,5,42,7,2023-06-25 19:58:48.521072
79,AIG,American International Group,2,14,0,,2023-06-25 19:58:48.521072
80,LULU,lululemon athletica,2,4,545,1,2023-06-25 19:58:48.521072
81,BE,Bloom Energy,2,3,125,2,2023-06-25 19:58:48.521072
82,SQQQ,ProShares Trust - ProShares UltraPro Short QQQ,2,6,51,6,2023-06-25 19:58:48.521072
83,ENPH,Enphase Energy,2,5,79,4,2023-06-25 19:58:48.521072
84,NC,NACCO Industries,2,6,0,,2023-06-25 19:58:48.521072
85,PLTR,Palantir,2,5,19,11,2023-06-25 19:58:48.521072
86,FI,Frank's International,2,4,754,1,2023-06-25 19:58:48.521072
87,AGI,Alamos Gold,2,4,761,,2023-06-25 19:58:48.521072
88,BDC,Belden,2,9,769,1,2023-06-25 19:58:48.521072
89,CC,Chemours,2,5,21,14,2023-06-25 19:58:48.521072
90,TX,Ternium,2,40,824,1,2023-06-25 19:58:48.521072
91,IG,Principal Exchange-Traded Funds - Principal Investment Grade Corporate,2,30,85,3,2023-06-25 19:58:48.521072
92,CBOE,Cboe,1,2,140,1,2023-06-25 19:58:48.521072
93,LOGI,Logitech,1,1,64,1,2023-06-25 19:58:48.521072
94,GOAT,VanEck Vectors ETF Trust - VanEck Vectors Morningstar Global Wide Moat,1,1,102,2,2023-06-25 19:58:48.521072
95,VGLT,"Vanguard Group, Inc. - Vanguard Long-Term Treasury ETF",1,1,143,1,2023-06-25 19:58:48.521072
96,ACH,Aluminum Corporation of China,1,1,143,1,2023-06-25 19:58:48.521072
97,WOOF,Petco,1,3,144,1,2023-06-25 19:58:48.521072
98,EVER,EverQuote,1,0,86,3,2023-06-25 19:58:48.521072
99,BOOM,Dynamic Materials Corporation,1,1,145,1,2023-06-25 19:58:48.521072
100,SIX,Six Flags,1,2,146,1,2023-06-25 19:58:48.521072
101,PAYC,Paycom,1,1,135,1,2023-06-25 19:58:48.521072
102,FTC,First Trust Exchange-Traded Fund III - First Trust Large Capital Growt,1,2,148,1,2023-06-25 19:58:48.521072
103,HARP,Harpoon Therapeutics,1,1,0,,2023-06-25 19:58:48.521072
104,WOW,WideOpenWest,1,5,149,1,2023-06-25 19:58:48.521072
105,HOPE,Hope Bancorp,1,1,150,1,2023-06-25 19:58:48.521072
106,ROOT,Root Insurance,1,2,151,1,2023-06-25 19:58:48.521072
107,PCG,Pacific Gas and Electric,1,4,152,1,2023-06-25 19:58:48.521072
108,RE,Everest Re,1,5,104,2,2023-06-25 19:58:48.521072
109,RYAAY,Ryanair,1,0,0,,2023-06-25 19:58:48.521072
110,DKNG,DraftKings,1,1,155,1,2023-06-25 19:58:48.521072
111,CPA,Copa Holdings,1,1,145,1,2023-06-25 19:58:48.521072
112,MC,Moelis &amp; Company,1,3,156,,2023-06-25 19:58:48.521072
113,HIVE,HIVE Blockchain Technologies,1,1,157,1,2023-06-25 19:58:48.521072
114,ENVX,Enovix,1,2,52,1,2023-06-25 19:58:48.521072
115,AN,AutoNation,1,3,159,1,2023-06-25 19:58:48.521072
116,PMT,PennyMac Mortgage Investment Trust,1,1,0,,2023-06-25 19:58:48.521072
117,AVGO,Broadcom,1,0,160,1,2023-06-25 19:58:48.521072
118,EDV,"Vanguard Group, Inc. - Vanguard Extended Duration Treasury ETF",1,5,0,,2023-06-25 19:58:48.521072
119,SNOW,Snowflake,1,2,164,1,2023-06-25 19:58:48.521072
120,SCHX,Schwab Strategic Trust - CSIM Schwab U.S. Large-Cap ETF,1,1,165,1,2023-06-25 19:58:48.521072
121,CRM,Salesforce,1,2,166,1,2023-06-25 19:58:48.521072
122,CMC,Commercial Metals Company,1,6,168,1,2023-06-25 19:58:48.521072
123,KC,Kingsoft Cloud,1,0,169,1,2023-06-25 19:58:48.521072
124,HOOD,Robinhood,1,1,65,4,2023-06-25 19:58:48.521072
125,XT,BlackRock Institutional Trust Company N.A. - BTC iShares Exponential T,1,2,105,4,2023-06-25 19:58:48.521072
126,III,Information Services Group,1,13,170,1,2023-06-25 19:58:48.521072
127,GOVZ,iShares Trust - iShares 25+ Year Treasury STRIPS Bond ETF,1,5,0,,2023-06-25 19:58:48.521072
128,MULN,Mullen Automotive,1,1,171,1,2023-06-25 19:58:48.521072
129,STM,STMicroelectronics,1,1,172,1,2023-06-25 19:58:48.521072
130,RPT,RPT Realty,1,-2,173,1,2023-06-25 19:58:48.521072
131,AMTX,Aemetis,1,0,175,1,2023-06-25 19:58:48.521072
132,VYMI,"Vanguard Group, Inc. - Vanguard International High Dividend Yield ETF",1,-1,176,1,2023-06-25 19:58:48.521072
133,WWW,Wolverine World Wide,1,1,177,1,2023-06-25 19:58:48.521072
134,LOVE,LoveSac,1,5,178,1,2023-06-25 19:58:48.521072
135,DC,Dakota Gold,1,1,37,4,2023-06-25 19:58:48.521072
136,CX,Cemex,1,1,179,1,2023-06-25 19:58:48.521072
137,TWLO,Twilio,1,5,180,1,2023-06-25 19:58:48.521072
138,XOM,Exxon Mobil,1,2,38,8,2023-06-25 19:58:48.521072
139,ZNTL,Zentalis Pharmaceuticals,1,1,181,1,2023-06-25 19:58:48.521072
140,UL,Unilever,1,1,0,,2023-06-25 19:58:48.521072
141,TDOC,Teladoc Health,1,5,183,1,2023-06-25 19:58:48.521072
142,ZROZ,Pimco Exchange Traded Fund - PIMCO 25+ Year Zero Coupon U.S. Treasury,1,5,0,,2023-06-25 19:58:48.521072
143,EW,Edwards Lifesciences,1,1,184,1,2023-06-25 19:58:48.521072
144,SWKS,Skyworks Solutions,1,1,185,1,2023-06-25 19:58:48.521072
145,CVNA,Carvana,1,4,47,8,2023-06-25 19:58:48.521072
146,HSY,The Hershey Company,1,1,186,1,2023-06-25 19:58:48.521072
147,PYPL,PayPal,1,2,187,1,2023-06-25 19:58:48.521072
148,DUK,Duke Energy,1,1,188,1,2023-06-25 19:58:48.521072
149,HIMX,Himax,1,3,190,1,2023-06-25 19:58:48.521072
150,HT,Hersha Hospitality Trust,1,1,191,1,2023-06-25 19:58:48.521072
151,SIG,Signet Jewelers,1,4,0,,2023-06-25 19:58:48.521072
152,CRWD,CrowdStrike,1,13,192,1,2023-06-25 19:58:48.521072
153,GOEV,Canoo,1,3,193,1,2023-06-25 19:58:48.521072
154,SGH,SMART Global Holdings,1,1,194,1,2023-06-25 19:58:48.521072
155,RUN,Sunrun,1,5,198,1,2023-06-25 19:58:48.521072
156,IDCC,InterDigital,1,1,199,1,2023-06-25 19:58:48.521072
157,SAVE,Spirit Airlines,1,3,0,,2023-06-25 19:58:48.521072
158,PG,Procter & Gamble,1,1,106,1,2023-06-25 19:58:48.521072
159,ALB,Albemarle,1,3,202,1,2023-06-25 19:58:48.521072
160,FCX,Freeport-McMoRan,1,0,205,1,2023-06-25 19:58:48.521072
161,GRWG,GrowGeneration,1,8,206,1,2023-06-25 19:58:48.521072
162,DIDIY,DiDi,1,1,0,,2023-06-25 19:58:48.521072
163,KIDS,OrthoPediatrics,1,1,208,1,2023-06-25 19:58:48.521072
164,SNAP,Snap,1,2,209,1,2023-06-25 19:58:48.521072
165,SGOV,iShares Trust - iShares 0-3 Month Treasury Bond ETF,1,1,210,1,2023-06-25 19:58:48.521072
166,IMMR,Immersion Corporation,1,1,213,1,2023-06-25 19:58:48.521072
167,HRT,HireRight,1,1,215,1,2023-06-25 19:58:48.521072
168,WBA,Walgreens Boots Alliance,1,-2,216,1,2023-06-25 19:58:48.521072
169,SAR,Saratoga Investment,1,3,0,,2023-06-25 19:58:48.521072
170,ORGN,Origin Materials,1,1,217,1,2023-06-25 19:58:48.521072
171,CORP,Pimco Exchange Traded Fund - PIMCO Investment Grade Corporate Bond Ind,1,409,220,1,2023-06-25 19:58:48.521072
172,ENR,Energizer Holdings,1,2,221,,2023-06-25 19:58:48.521072
173,GTHX,G1 Therapeutics,1,1,222,1,2023-06-25 19:58:48.521072
174,AA,Alcoa,1,5,224,1,2023-06-25 19:58:48.521072
175,ETSY,Etsy,1,1,226,1,2023-06-25 19:58:48.521072
176,NM,Navios Maritime Holdings,1,1,229,1,2023-06-25 19:58:48.521072
177,AMP,Ameriprise Financial,1,3,230,1,2023-06-25 19:58:48.521072
178,GTLB,GitLab,1,1,231,1,2023-06-25 19:58:48.521072
179,COO,Cooper Companies,1,2,233,1,2023-06-25 19:58:48.521072
180,GD,General Dynamics,1,4,67,4,2023-06-25 19:58:48.521072
181,SPCX,Collaborative Investment Series Trust - The SPAC and New Issue ETF,1,5,234,1,2023-06-25 19:58:48.521072
182,SPOT,Spotify,1,2,0,,2023-06-25 19:58:48.521072
183,TM,Toyota,1,15,235,1,2023-06-25 19:58:48.521072
184,TWO,Two Harbors Investment,1,14,236,,2023-06-25 19:58:48.521072
185,GOVT,BlackRock Institutional Trust Company N.A. - BTC iShares U.S. Treasury,1,4,238,1,2023-06-25 19:58:48.521072
186,EARN,Ellington Residential Mortgage REIT,1,1,239,1,2023-06-25 19:58:48.521072
187,FV,First Trust Exchange-Traded Fund III - First Trust Dorsey Wright Focus,1,1,241,1,2023-06-25 19:58:48.521072
188,DIS,Walt Disney,1,3,5,25,2023-06-25 19:58:48.521072
189,VUG,"Vanguard Group, Inc. - Vanguard Growth ETF",1,2,107,4,2023-06-25 19:58:48.521072
190,WY,Weyerhaeuser,1,1,104,2,2023-06-25 19:58:48.521072
191,KRE,SPDR Series Trust - SPDR S&P Regional Banking ETF,1,1,245,,2023-06-25 19:58:48.521072
192,CCC,Clarivate,1,1,0,,2023-06-25 19:58:48.521072
193,BEAT,BioTelemetry,1,1,249,1,2023-06-25 19:58:48.521072
194,U,Unity Software,1,2,250,1,2023-06-25 19:58:48.521072
195,CASH,Meta Financial Group,1,61,251,1,2023-06-25 19:58:48.521072
196,KBR,KBR,1,14,253,1,2023-06-25 19:58:48.521072
197,FFR,First Trust Exchange-Traded Fund II - First Trust FTSE EPRA/NAREIT Dev,1,1,0,,2023-06-25 19:58:48.521072
198,MMM,3M,1,3,256,1,2023-06-25 19:58:48.521072
199,HA,Hawaiian Airlines,1,2,257,1,2023-06-25 19:58:48.521072
200,WWE,World Wrestling Entertainment,1,2,68,3,2023-06-25 19:58:48.521072
201,REAL,The RealReal,1,2,259,1,2023-06-25 19:58:48.521072
202,ACM,AECOM,1,14,260,1,2023-06-25 19:58:48.521072
203,ABC,AmerisourceBergen,1,2,262,1,2023-06-25 19:58:48.521072
204,MCHP,Microchip Technology,1,2,108,1,2023-06-25 19:58:48.521072
205,GREE,Greenidge Generation Holdings,1,0,263,1,2023-06-25 19:58:48.521072
206,AI,C3 AI,1,3,264,1,2023-06-25 19:58:48.521072
207,RSP,Invesco Capital Management LLC - Invesco S&P 500 Equal Weight ETF,1,-2,266,1,2023-06-25 19:58:48.521072
208,DK,Delek US,1,3,267,1,2023-06-25 19:58:48.521072
209,DS,Drive Shack,1,5,268,1,2023-06-25 19:58:48.521072
210,BAH,Booz Allen Hamilton,1,14,269,1,2023-06-25 19:58:48.521072
211,NIO,NIO,1,3,69,1,2023-06-25 19:58:48.521072
212,SAVA,Cassava Sciences,1,2,270,1,2023-06-25 19:58:48.521072
213,AXSM,Axsome Therapeutics,1,1,273,1,2023-06-25 19:58:48.521072
214,EE,Excelerate Energy,1,2,271,1,2023-06-25 19:58:48.521072
215,ED,Consolidated Edison,1,0,272,1,2023-06-25 19:58:48.521072
216,MOS,The Mosaic Company,1,0,274,1,2023-06-25 19:58:48.521072
217,UNH,UnitedHealth,1,3,277,1,2023-06-25 19:58:48.521072
218,NU,Nu Holdings,1,1,278,1,2023-06-25 19:58:48.521072
219,LDOS,Leidos,1,14,279,1,2023-06-25 19:58:48.521072
220,MAX,MediaAlpha,1,1,110,2,2023-06-25 19:58:48.521072
221,WAL,Western Alliance Bancorporation,1,2,281,1,2023-06-25 19:58:48.521072
222,NEXT,NextDecade Corp,1,1,282,1,2023-06-25 19:58:48.521072
223,ELF,e.l.f. Cosmetics,1,1,283,1,2023-06-25 19:58:48.521072
224,WMT,Walmart,1,11,285,1,2023-06-25 19:58:48.521072
225,XLE,SSgA Active Trust - SSgA Energy Select Sector SPDR,1,-1,287,1,2023-06-25 19:58:48.521072
226,MGRX,Mangoceuticals,1,1,288,1,2023-06-25 19:58:48.521072
227,BSM,Black Stone Minerals,1,10,289,1,2023-06-25 19:58:48.521072
228,SAIC,SAIC,1,14,290,1,2023-06-25 19:58:48.521072
229,QCOM,QUALCOMM,1,2,291,1,2023-06-25 19:58:48.521072
230,SPXU,ProShares Trust - ProShares UltraPro Short S&P 500 ETF,1,1,0,,2023-06-25 19:58:48.521072
231,WEN,Wendy’s Company,1,1,295,1,2023-06-25 19:58:48.521072
232,BITO,ProShares Bito,1,1,297,1,2023-06-25 19:58:48.521072
233,MO,Altria Group,1,1,301,1,2023-06-25 19:58:48.521072
234,CACI,CACI,1,14,302,1,2023-06-25 19:58:48.521072
235,SMR,NuScale Power,1,1,305,1,2023-06-25 19:58:48.521072
236,OSA,ProSomnus,1,1,0,,2023-06-25 19:58:48.521072
237,HUT,Hut 8 Mining,1,1,308,1,2023-06-25 19:58:48.521072
238,SPYD,SPDR Series Trust - SPDR Portfolio S&P 500 High Dividend ETF,1,5,309,1,2023-06-25 19:58:48.521072
239,GM,General Motors,1,3,310,1,2023-06-25 19:58:48.521072
240,BIL,SPDR Series Trust - SPDR Bloomberg Barclays 1-3 Month T-Bill ETF,1,2,311,1,2023-06-25 19:58:48.521072
241,FA,First Advantage,1,2,312,1,2023-06-25 19:58:48.521072
242,VDC,"Vanguard Group, Inc. - Vanguard Consumer Staples ETF",1,1,313,1,2023-06-25 19:58:48.521072
243,RS,Reliance Steel &amp; Aluminum,1,1,314,2,2023-06-25 19:58:48.521072
244,HII,Huntington Ingalls Industries,1,14,317,1,2023-06-25 19:58:48.521072
245,NRG,NRG Energy,1,1,318,1,2023-06-25 19:58:48.521072
246,AY,Atlantica,1,2,319,1,2023-06-25 19:58:48.521072
247,MOM,AGF Investments Trust - AGFiQ U.S. Market Neutral Momentum Fund,1,13,320,1,2023-06-25 19:58:48.521072
248,GNRC,Generac Power Systems,1,3,321,1,2023-06-25 19:58:48.521072
249,COF,Capital One,1,2,323,1,2023-06-25 19:58:48.521072
250,VIS,"Vanguard Group, Inc. - Vanguard Industrials ETF",1,1,326,1,2023-06-25 19:58:48.521072
251,PDD,Pinduoduo,1,2,71,3,2023-06-25 19:58:48.521072
252,OPEN,Opendoor,1,1,329,1,2023-06-25 19:58:48.521072
253,MOD,Modine Manufacturing,1,1,111,2,2023-06-25 19:58:48.521072
254,GIC,Global Industrial Company,1,3,331,1,2023-06-25 19:58:48.521072
255,SPG,Simon Property Group,1,4,258,,2023-06-25 19:58:48.521072
256,DON,WisdomTree Trust - WisdomTree U.S. MidCap Dividend Fund,1,1,332,1,2023-06-25 19:58:48.521072
257,WISH,ContextLogic (wish.com),1,5,333,1,2023-06-25 19:58:48.521072
258,TS,Tenaris,1,1,0,,2023-06-25 19:58:48.521072
259,SUN,Sunoco,1,7,335,1,2023-06-25 19:58:48.521072
260,USFR,WisdomTree Trust - WisdomTree Floating Rate Treasury Fund,1,1,336,1,2023-06-25 19:58:48.521072
261,PINS,Pinterest,1,2,341,1,2023-06-25 19:58:48.521072
262,LTC,LTC Properties,1,1,342,1,2023-06-25 19:58:48.521072
263,LMT,Lockheed Martin,1,1,72,5,2023-06-25 19:58:48.521072
264,SU,Suncor Energy,1,3,343,1,2023-06-25 19:58:48.521072
265,ITT,ITT,1,1,346,,2023-06-25 19:58:48.521072
266,HPE,Hewlett Packard Enterprise,1,5,0,,2023-06-25 19:58:48.521072
267,TFLO,BlackRock Institutional Trust Company N.A. - BTC iShares Treasury Floa,1,1,348,1,2023-06-25 19:58:48.521072
268,BIGC,BigCommerce,1,1,349,1,2023-06-25 19:58:48.521072
269,EOSE,Eos Energy Enterprises,1,1,351,1,2023-06-25 19:58:48.521072
270,RIOT,Riot Blockchain,1,1,113,1,2023-06-25 19:58:48.521072
271,GRND,Grindr,1,1,352,1,2023-06-25 19:58:48.521072
272,LODE,Comstock Mining,1,2,355,1,2023-06-25 19:58:48.521072
273,TSM,TSMC,1,1,356,1,2023-06-25 19:58:48.521072
274,WE,WeWork,1,4,357,2,2023-06-25 19:58:48.521072
275,PB,Prosperity Bancshares,1,1,0,,2023-06-25 19:58:48.521072
276,PEP,Pepsico,1,1,0,,2023-06-25 19:58:48.521072
277,ORCL,Oracle,1,2,358,1,2023-06-25 19:58:48.521072
278,PENN,Penn National Gaming,1,1,359,1,2023-06-25 19:58:48.521072
279,DEF,Invesco Capital Management LLC - Invesco Defensive Equity ETF,1,1,361,1,2023-06-25 19:58:48.521072
280,RSG,Republic Services,1,2,361,1,2023-06-25 19:58:48.521072
281,RNG,RingCentral,1,3,362,1,2023-06-25 19:58:48.521072
282,IR,Ingersoll Rand,1,2,363,,2023-06-25 19:58:48.521072
283,MTG,MGIC Investment,1,4,364,,2023-06-25 19:58:48.521072
284,JETS,ETF Series Solutions Trust - ESS U.S.Global Jets ETF,1,3,367,1,2023-06-25 19:58:48.521072
285,DRN,Direxion Shares ETF Trust - Direxion Real Estate Bull 3x Shares,1,1,365,1,2023-06-25 19:58:48.521072
286,WB,Weibo,1,2,0,,2023-06-25 19:58:48.521072
287,BB,BlackBerry,1,14,87,3,2023-06-25 19:58:48.521072
288,DG,Dollar General,1,8,366,,2023-06-25 19:58:48.521072
289,HIMS,Hims &amp; Hers Health,1,1,367,1,2023-06-25 19:58:48.521072
290,RKT,Rocket Companies,1,2,368,1,2023-06-25 19:58:48.521072
291,PRI,Primerica,1,1,0,,2023-06-25 19:58:48.521072
292,SMB,VanEck Vectors ETF Trust - VanEck Vectors Short Muni ETF,1,1,369,1,2023-06-25 19:58:48.521072
293,MSCI,MSCI,1,1,371,1,2023-06-25 19:58:48.521072
294,EPHE,BlackRock Institutional Trust Company N.A. - BTC iShares MSCI Philippi,1,1,0,,2023-06-25 19:58:48.521072
295,NNN,National Retail Properties,1,3,372,1,2023-06-25 19:58:48.521072
296,CCI,Crown Castle,1,10,373,1,2023-06-25 19:58:48.521072
297,PPC,Pilgrim's Pride,1,1,367,1,2023-06-25 19:58:48.521072
298,MRUS,Merus,1,2,374,1,2023-06-25 19:58:48.521072
299,BARK,The Original BARK Company,1,2,375,1,2023-06-25 19:58:48.521072
300,PTON,Peloton,1,1,376,1,2023-06-25 19:58:48.521072
301,EAT,Brinker International,1,1,377,1,2023-06-25 19:58:48.521072
302,BMI,Badger Meter,1,2,378,1,2023-06-25 19:58:48.521072
303,PUMP,ProPetro,1,1,380,1,2023-06-25 19:58:48.521072
304,NET,Cloudflare,1,0,381,1,2023-06-25 19:58:48.521072
305,SLP,Simulations Plus,1,1,0,,2023-06-25 19:58:48.521072
306,CSV,Carriage Services,1,3,382,1,2023-06-25 19:58:48.521072
307,ANY,Sphere 3D,1,3,88,4,2023-06-25 19:58:48.521072
308,TDS,Telephone and Data Systems,1,1,115,2,2023-06-25 19:58:48.521072
309,EB,Eventbrite,1,3,384,1,2023-06-25 19:58:48.521072
310,GCT,GigaCloud Technology,1,2,385,1,2023-06-25 19:58:48.521072
311,NOK,Nokia,1,4,388,1,2023-06-25 19:58:48.521072
312,STEM,stem,1,2,387,,2023-06-25 19:58:48.521072
313,TTWO,Take 2 Interactive,1,2,766,,2023-06-25 19:58:48.521072
314,NFTG,The NFT Gaming Company,1,1,391,1,2023-06-25 19:58:48.521072
315,ROIC,Retail Opportunity Investments,1,1,392,1,2023-06-25 19:58:48.521072
316,RIG,Transocean,1,2,0,,2023-06-25 19:58:48.521072
317,QS,QuantumScape,1,1,116,2,2023-06-25 19:58:48.521072
318,MSM,MSC Industrial Direct,1,3,393,1,2023-06-25 19:58:48.521072
319,IE,Ivanhoe Electric,1,4,394,1,2023-06-25 19:58:48.521072
320,MP,MP Materials,1,1,396,1,2023-06-25 19:58:48.521072
321,TLRY,Tilray,1,2,117,1,2023-06-25 19:58:48.521072
322,TXN,Texas Instruments,1,0,398,1,2023-06-25 19:58:48.521072
323,ATAI,Atai Life Sciences,1,16,400,1,2023-06-25 19:58:48.521072
324,WIX,Wix.com,1,2,401,1,2023-06-25 19:58:48.521072
325,UA,Under Armour,1,1,402,1,2023-06-25 19:58:48.521072
326,CMBS,BlackRock Institutional Trust Company N.A. - BTC iShares CMBS ETF,1,3,344,,2023-06-25 19:58:48.521072
327,VDE,"Vanguard Group, Inc. - Vanguard Energy ETF",1,8,403,1,2023-06-25 19:58:48.521072
328,MA,Mastercard,1,2,73,3,2023-06-25 19:58:48.521072
329,ETN,Eaton,1,3,405,1,2023-06-25 19:58:48.521072
330,SCHQ,Schwab Strategic Trust - Schwab US Long-Term U.S. Treasury ETF,1,0,0,,2023-06-25 19:58:48.521072
331,FTCH,Farfetch,1,2,406,1,2023-06-25 19:58:48.521072
332,CMPS,COMPASS Pathways,1,0,407,1,2023-06-25 19:58:48.521072
333,NPK,National Presto Industries,1,3,408,1,2023-06-25 19:58:48.521072
334,VC,Visteon,1,2,74,3,2023-06-25 19:58:48.521072
335,VMW,Vmware,1,2,411,1,2023-06-25 19:58:48.521072
336,KT,KT Corporation,1,1,413,1,2023-06-25 19:58:48.521072
337,SE,Sea (Garena),1,0,118,1,2023-06-25 19:58:48.521072
338,ARB,AltShares Trust - AltShares Merger Arbitrage ETF,1,1,415,,2023-06-25 19:58:48.521072
339,LE,Lands' End,1,1,416,1,2023-06-25 19:58:48.521072
340,IGLB,BlackRock Institutional Trust Company N.A. - iShares 10 Year Investmen,1,0,0,,2023-06-25 19:58:48.521072
341,COIN,Coinbase,1,1,418,1,2023-06-25 19:58:48.521072
342,QYLD,Global X Funds - Global X NASDAQ 100 Covered Call ETF,1,1,419,1,2023-06-25 19:58:48.521072
343,SEEL,Seelos Therapeutics,1,16,420,1,2023-06-25 19:58:48.521072
344,BROS,Dutch Bros,1,4,422,1,2023-06-25 19:58:48.521072
345,FBMS,The First Bancshares,1,10,423,1,2023-06-25 19:58:48.521072
346,XYLD,Global X Funds - Global X S&P 500 Covered Call ETF,1,0,424,1,2023-06-25 19:58:48.521072
347,EGO,Eldorado Gold,1,1,425,1,2023-06-25 19:58:48.521072
348,MSI,Motorola Solutions,1,2,430,1,2023-06-25 19:58:48.521072
349,GNR,SSgA Active Trust - SSgA SPDR S&P Global Natural Resources ETF,1,0,426,1,2023-06-25 19:58:48.521072
350,DH,Definitive Healthcare,1,1,427,1,2023-06-25 19:58:48.521072
351,BMO,Bank of Montreal,1,6,428,1,2023-06-25 19:58:48.521072
352,STRC,Sarcos Technology and Robotics,1,1,0,,2023-06-25 19:58:48.521072
353,ET,Energy Transfer Partners,1,1,431,1,2023-06-25 19:58:48.521072
354,TBF,ProShares Trust - ProShares Short 20+ Year Treasury,1,3,435,1,2023-06-25 19:58:48.521072
355,BITF,Bitfarms,1,3,438,1,2023-06-25 19:58:48.521072
356,MRMD,MariMed,1,1,439,1,2023-06-25 19:58:48.521072
357,SPXL,Direxion Shares ETF Trust - Direxion Daily S&P 500 Bull 3X Shares,1,2,441,1,2023-06-25 19:58:48.521072
358,KMI,Kinder Morgan,1,1,0,,2023-06-25 19:58:48.521072
359,BEP,Brookfield Renewable Partners,1,1,443,1,2023-06-25 19:58:48.521072
360,FXG,First Trust Exchange-Traded Fund III - First Trust Consumer Staples Al,1,1,444,1,2023-06-25 19:58:48.521072
361,EQT,EQT Corporation,1,1,451,1,2023-06-25 19:58:48.521072
362,VIG,"Vanguard Group, Inc. - Vanguard Dividend Appreciation FTF",1,1,446,1,2023-06-25 19:58:48.521072
363,MT,ArcelorMittal,1,2,449,1,2023-06-25 19:58:48.521072
364,SSL,Sasol,1,2,450,1,2023-06-25 19:58:48.521072
365,AUD,Audacy,1,1,451,1,2023-06-25 19:58:48.521072
366,CHPT,ChargePoint,1,1,454,1,2023-06-25 19:58:48.521072
367,EA,Electronic Arts,1,15,457,1,2023-06-25 19:58:48.521072
368,AVUV,American Century ETF Trust - Avantis U.S. Small Cap Value ETF,1,0,461,1,2023-06-25 19:58:48.521072
369,DWAC,Digital World Acquisition,1,3,90,1,2023-06-25 19:58:48.521072
370,SVXY,ProShares Trust - ProShares Short VIX Short-Term Futures ETF,1,1,462,1,2023-06-25 19:58:48.521072
371,OXY,Occidental Petroleum,1,1,119,2,2023-06-25 19:58:48.521072
372,WBD,Warner Bros. Discovery,1,1,465,1,2023-06-25 19:58:48.521072
373,CAC,Camden National Bank,1,5,467,1,2023-06-25 19:58:48.521072
374,MGY,Magnolia Oil &amp; Gas,1,0,468,1,2023-06-25 19:58:48.521072
375,GL,Globe Life,1,-1,120,2,2023-06-25 19:58:48.521072
376,CI,Cigna,1,2,469,1,2023-06-25 19:58:48.521072
377,BP,BP,1,1,470,1,2023-06-25 19:58:48.521072
378,DINO,HF Sinclair,1,1,471,1,2023-06-25 19:58:48.521072
379,CLOV,Clover Health Investments,1,1,472,1,2023-06-25 19:58:48.521072
380,EPAM,EPAM Systems,1,1,473,1,2023-06-25 19:58:48.521072
381,APE,AMC APE preferred stock,1,1,91,1,2023-06-25 19:58:48.521072
382,NWG,NatWest Group,1,1,475,1,2023-06-25 19:58:48.521072
383,KR,Kroger,1,53,476,,2023-06-25 19:58:48.521072
384,UBER,Uber,1,2,477,1,2023-06-25 19:58:48.521072
385,SR,Spire Energy,1,1,478,1,2023-06-25 19:58:48.521072
386,CFA,Victory Portfolios II - VictoryShares US 500 Volatility Wtd ETF,1,2,479,2,2023-06-25 19:58:48.521072
387,AAA,Listed Funds Trust - AAF First Priority CLO Bond ETF,1,19,480,1,2023-06-25 19:58:48.521072
388,OPRA,Opera,1,1,481,1,2023-06-25 19:58:48.521072
389,ATVI,Activision Blizzard,1,2,482,1,2023-06-25 19:58:48.521072
390,GIGE,Tidal ETF Trust - SoFi Gig Economy ETF,1,1,0,,2023-06-25 19:58:48.521072
391,LNG,Cheniere Energy,1,1,75,7,2023-06-25 19:58:48.521072
392,TDG,TransDigm,1,1,483,1,2023-06-25 19:58:48.521072
393,FRC,First Republic Bank,1,-1,485,1,2023-06-25 19:58:48.521072
394,SP,SP Plus Corporation,1,5,41,8,2023-06-25 19:58:48.521072
395,FAST,Fastenal,1,11,487,1,2023-06-25 19:58:48.521072
396,CNXC,Concentrix,1,7,0,,2023-06-25 19:58:48.521072
397,WH,Wyndham Hotels &amp; Resorts,1,4,0,,2023-06-25 19:58:48.521072
398,OSTK,Overstock.com,1,2,92,1,2023-06-25 19:58:48.521072
399,RSX,VanEck Vectors ETF Trust - VanEck Vectors Russia ETF,1,1,55,5,2023-06-25 19:58:48.521072
400,BSV,"Vanguard Group, Inc. - Vanguard Short-Term Bond ETF",1,2,489,,2023-06-25 19:58:48.521072
401,POOL,POOLCORP,1,1,490,1,2023-06-25 19:58:48.521072
402,SAP,SAP,1,0,491,1,2023-06-25 19:58:48.521072
403,SOS,SOS Limited,1,2,492,1,2023-06-25 19:58:48.521072
404,VXF,"Vanguard Group, Inc. - Vanguard Extended Market Index ETF",1,2,493,1,2023-06-25 19:58:48.521072
405,CPS,Cooper Standard,1,2,0,,2023-06-25 19:58:48.521072
406,SIM,Grupo Simec,1,6,0,,2023-06-25 19:58:48.521072
407,GB,Global Blue Group,1,2,495,1,2023-06-25 19:58:48.521072
408,DV,DoubleVerify,1,2,0,,2023-06-25 19:58:48.521072
409,CLH,Clean Harbors,1,1,496,1,2023-06-25 19:58:48.521072
410,AIM,AIM ImmunoTech,1,1,0,,2023-06-25 19:58:48.521072
411,ABNB,Airbnb,1,34,735,,2023-06-25 19:58:48.521072
412,SUNW,Sunworks,1,0,499,2,2023-06-25 19:58:48.521072
413,MAGA,ETF Series Solutions Trust - Point Bridge GOP Stock Tracker ETF,1,2,501,1,2023-06-25 19:58:48.521072
414,EVGO,EVgo,1,2,502,1,2023-06-25 19:58:48.521072
415,GME,GameStop,1,1,27,8,2023-06-25 19:58:48.521072
416,VYM,"Vanguard Group, Inc. - Vanguard High Dividend Yield Indx ETF",1,1,504,1,2023-06-25 19:58:48.521072
417,NSA,National Storage,1,2,505,1,2023-06-25 19:58:48.521072
418,CURLF,Curaleaf,1,0,506,1,2023-06-25 19:58:48.521072
419,CGC,Canopy Growth,1,2,508,1,2023-06-25 19:58:48.521072
420,WEAT,Teucrium Wheat Fund,1,3,122,2,2023-06-25 19:58:48.521072
421,NI,NiSource,1,1,509,1,2023-06-25 19:58:48.521072
422,TER,Teradyne,1,4,511,1,2023-06-25 19:58:48.521072
423,AAP,Advance Auto Parts,1,2,512,1,2023-06-25 19:58:48.521072
424,PSA,Public Storage,1,17,513,1,2023-06-25 19:58:48.521072
425,NE,Noble Corporation,1,1,515,1,2023-06-25 19:58:48.521072
426,WEST,Westrock Coffee,1,3,516,1,2023-06-25 19:58:48.521072
427,RYAM,Rayonier Advanced Materials,1,1,517,1,2023-06-25 19:58:48.521072
428,DFEN,Direxion Shares ETF Trust - Direxion Daily Aerospace & Defense Bull 3X,1,2,518,1,2023-06-25 19:58:48.521072
429,RF,Regions Financial,1,2,519,1,2023-06-25 19:58:48.521072
430,MAN,ManpowerGroup,1,6,520,1,2023-06-25 19:58:48.521072
431,IWM,BlackRock Institutional Trust Company N.A. - BTC iShares Russell 2000,1,2,35,9,2023-06-25 19:58:48.521072
432,KODK,Eastman Kodak Company,1,1,502,,2023-06-25 19:58:48.521072
433,SDIG,Stronghold Digital Mining,1,0,522,1,2023-06-25 19:58:48.521072
434,HE,Hawaiian Electric Industries,1,1,523,1,2023-06-25 19:58:48.521072
435,ZM,Zoom,1,1,524,1,2023-06-25 19:58:48.521072
436,DQ,DAQO New Energy,1,3,525,1,2023-06-25 19:58:48.521072
437,UBS,UBS,1,26,526,1,2023-06-25 19:58:48.521072
438,YPF,Yacimientos Petrolíferos Fiscales,1,1,527,1,2023-06-25 19:58:48.521072
439,RKLB,Rocket Lab USA,1,2,76,4,2023-06-25 19:58:48.521072
440,BTI,British American Tobacco,1,2,528,1,2023-06-25 19:58:48.521072
441,NXPI,NXP Semiconductors,1,1,529,1,2023-06-25 19:58:48.521072
442,TELL,Tellurian,1,1,530,1,2023-06-25 19:58:48.521072
443,DARE,Dare Bioscience,1,2,532,1,2023-06-25 19:58:48.521072
444,FSLR,First Solar,1,1,533,1,2023-06-25 19:58:48.521072
445,OTLK,Outlook Therapeutics,1,1,535,1,2023-06-25 19:58:48.521072
446,HAWX,BlackRock Institutional Trust Company N.A. - BTC iShares Currency Hedg,1,1,536,1,2023-06-25 19:58:48.521072
447,QBTS,D-Wave Quantum,1,2,537,1,2023-06-25 19:58:48.521072
448,ERUS,BlackRock Institutional Trust Company N.A. - iShares MSCI Russia ETF,1,0,538,1,2023-06-25 19:58:48.521072
449,ZS,Zscaler,1,1,0,,2023-06-25 19:58:48.521072
450,CIO,City Office REIT,1,5,542,1,2023-06-25 19:58:48.521072
451,KMX,CarMax,1,3,544,1,2023-06-25 19:58:48.521072
452,LCID,Lucid Motors,1,1,123,1,2023-06-25 19:58:48.521072
453,FNDE,Schwab Strategic Trust - CSIM Schwab Fundamental Emerging Markets Larg,1,0,547,1,2023-06-25 19:58:48.521072
454,XM,Qualtrics,1,1,548,1,2023-06-25 19:58:48.521072
455,TBLT,ToughBuilt Industries,1,2,551,1,2023-06-25 19:58:48.521072
456,MJ,ETF Managers Group LLC - ETFMG Alternative Harvest ETF,1,1,553,1,2023-06-25 19:58:48.521072
457,EFTR,eFFECTOR Therapeutics,1,1,0,,2023-06-25 19:58:48.521072
458,UFPT,UFP Technologies,1,3,556,1,2023-06-25 19:58:48.521072
459,BIRD,Allbirds,1,1,557,1,2023-06-25 19:58:48.521072
460,ATR,AptarGroup,1,3,77,3,2023-06-25 19:58:48.521072
461,IFS,Intercorp Financial Services,1,2,558,1,2023-06-25 19:58:48.521072
462,GIS,General Mills,1,9,559,1,2023-06-25 19:58:48.521072
463,PFE,Pfizer,1,1,560,1,2023-06-25 19:58:48.521072
464,PCT,PureCycle Technologies,1,2,561,1,2023-06-25 19:58:48.521072
465,BX,Blackstone Group,1,1,840,,2023-06-25 19:58:48.521072
466,BRO,Brown &amp; Brown,1,3,565,1,2023-06-25 19:58:48.521072
467,IVV,iShares Core S&amp;P 500,1,4,566,1,2023-06-25 19:58:48.521072
468,ON,ON Semiconductor,1,2,124,1,2023-06-25 19:58:48.521072
469,FLNG,Flex Lng,1,2,570,1,2023-06-25 19:58:48.521072
470,DEEP,ETF Series Solutions Trust - Roundhill Acquirers Deep Value ETF,1,1,571,1,2023-06-25 19:58:48.521072
471,APLD,Applied Blockchain,1,0,574,2,2023-06-25 19:58:48.521072
472,SBSW,Sibanye-Stillwater,1,1,576,1,2023-06-25 19:58:48.521072
473,TMO,Thermo Fisher Scientific,1,1,0,,2023-06-25 19:58:48.521072
474,HYS,Pimco Exchange Traded Fund - PIMCO 0-5 Year High Yield Corporate Bond,1,0,0,,2023-06-25 19:58:48.521072
475,RTX,Raytheon Technologies,1,1,23,10,2023-06-25 19:58:48.521072
476,ONON,On Holding,1,1,580,1,2023-06-25 19:58:48.521072
477,BBLN,Babylon Holdings,1,6,581,1,2023-06-25 19:58:48.521072
478,IMAX,Imax Corp,1,0,582,1,2023-06-25 19:58:48.521072
479,TBI,TrueBlue,1,1,583,1,2023-06-25 19:58:48.521072
480,NEAR,BlackRock Institutional Trust Company N.A. - BTC BlackRock Short Matur,1,1,0,,2023-06-25 19:58:48.521072
481,WTI,W&amp;T Offshore,1,2,589,1,2023-06-25 19:58:48.521072
482,ASML,ASML,1,3,590,1,2023-06-25 19:58:48.521072
483,ATUS,Altice USA,1,1,604,,2023-06-25 19:58:48.521072
484,ARCC,Ares Capital,1,8,591,1,2023-06-25 19:58:48.521072
485,CELH,Celsius Holdings,1,3,592,1,2023-06-25 19:58:48.521072
486,FOR,Forestar Group,1,35,93,3,2023-06-25 19:58:48.521072
487,LUMN,Lumen,1,0,594,1,2023-06-25 19:58:48.521072
488,SEDG,SolarEdge,1,1,595,1,2023-06-25 19:58:48.521072
489,LXRX,Lexicon Pharmaceuticals,1,2,596,1,2023-06-25 19:58:48.521072
490,BWXT,BWX Technologies,1,2,597,1,2023-06-25 19:58:48.521072
491,SG,Sweetgreen,1,1,599,1,2023-06-25 19:58:48.521072
492,REE,REE Automotive,1,1,600,1,2023-06-25 19:58:48.521072
493,PAYX,Paychex,1,9,0,,2023-06-25 19:58:48.521072
494,FIVE,Five Below,1,1,601,1,2023-06-25 19:58:48.521072
495,SIEGY,Siemens,1,1,602,1,2023-06-25 19:58:48.521072
496,XLU,SSgA Active Trust - SSgA Utilities Select Sector SPDR,1,1,572,,2023-06-25 19:58:48.521072
497,RC,Ready Capital,1,5,603,1,2023-06-25 19:58:48.521072
498,WFH,Direxion Funds - Direxion Work From Home ETF,1,4,606,,2023-06-25 19:58:48.521072
499,DOCU,DocuSign,1,154,607,1,2023-06-25 19:58:48.521072
500,CBZ,CBIZ,1,2,608,1,2023-06-25 19:58:48.521072
501,KRUS,Kura Sushi USA,1,1,609,1,2023-06-25 19:58:48.521072
502,PSEC,Prospect Capital,1,1,607,1,2023-06-25 19:58:48.521072
503,DOW,Dow,1,-4,36,7,2023-06-25 19:58:48.521072
504,GGG,Graco,1,1,610,1,2023-06-25 19:58:48.521072
505,BOSS,Global X Funds - Global X Founder-Run Companies ETF,1,1,611,1,2023-06-25 19:58:48.521072
506,FE,FirstEnergy,1,4,612,1,2023-06-25 19:58:48.521072
507,XLF,SSgA Active Trust - SSgA Financial Select Sector SPDR,1,1,275,,2023-06-25 19:58:48.521072
508,ST,Sensata Technologies,1,2,614,1,2023-06-25 19:58:48.521072
509,CF,CF Industries,1,1,615,1,2023-06-25 19:58:48.521072
510,SKLZ,Skillz,1,5,616,1,2023-06-25 19:58:48.521072
511,VBK,"Vanguard Group, Inc. - Vanguard Small Cap Growth ETF",1,1,617,1,2023-06-25 19:58:48.521072
512,BA,Boeing,1,0,618,1,2023-06-25 19:58:48.521072
513,PR,Permian Resources,1,1,78,4,2023-06-25 19:58:48.521072
514,HON,Honeywell,1,-1,619,1,2023-06-25 19:58:48.521072
515,UDR,UDR Apartments,1,1,620,1,2023-06-25 19:58:48.521072
516,XOP,SPDR Series Trust - SSgA SPDR Oil & Gas Exploration and Production,1,2,621,1,2023-06-25 19:58:48.521072
517,UNG,United States Commodity Funds LLC - United States Natural Gas Fund,1,1,622,1,2023-06-25 19:58:48.521072
518,GLD,SSgA Active Trust - SSgA SPDR Gold Shares,1,1,94,2,2023-06-25 19:58:48.521072
519,VIXY,ProShares Trust - ProShares VIX Short-Term Futures ETF,1,7,624,1,2023-06-25 19:58:48.521072
520,NG,NovaGold Resources,1,1,625,1,2023-06-25 19:58:48.521072
521,VXX,iPath S&amp;P 500 VIX Short-Term Futures,1,1,626,1,2023-06-25 19:58:48.521072
522,MD,Mednax,1,10,628,,2023-06-25 19:58:48.521072
523,TH,Target Hospitality,1,2,629,1,2023-06-25 19:58:48.521072
524,LMND,Lemonade,1,2,630,1,2023-06-25 19:58:48.521072
525,MLM,Martin Marietta,1,1,631,1,2023-06-25 19:58:48.521072
526,BLDR,Builders FirstSource,1,3,632,1,2023-06-25 19:58:48.521072
527,MNST,Monster Beverage,1,2,633,1,2023-06-25 19:58:48.521072
528,AVB,AvalonBay Communities,1,1,634,1,2023-06-25 19:58:48.521072
529,ADM,Archer Daniels Midland,1,1,635,1,2023-06-25 19:58:48.521072
530,GH,Guardant Health,1,12,636,1,2023-06-25 19:58:48.521072
531,VHT,"Vanguard Group, Inc. - Vanguard Health Care ETF",1,1,637,1,2023-06-25 19:58:48.521072
532,MX,Magnachip,1,61,0,,2023-06-25 19:58:48.521072
533,SQ,Square,1,2,127,1,2023-06-25 19:58:48.521072
534,JNJ,Johnson & Johnson,1,1,640,1,2023-06-25 19:58:48.521072
535,TECK,Teck Resources,1,3,641,1,2023-06-25 19:58:48.521072
536,VTV,"Vanguard Group, Inc. - Vanguard Value ETF",1,1,851,,2023-06-25 19:58:48.521072
537,CM,CIBC,1,2,642,1,2023-06-25 19:58:48.521072
538,PACW,PacWest Bancorp,1,2,644,1,2023-06-25 19:58:48.521072
539,SES,SES AI,1,1,646,1,2023-06-25 19:58:48.521072
540,ASTR,Astra Space,1,1,647,1,2023-06-25 19:58:48.521072
541,CAN,Canaan,1,-1,95,2,2023-06-25 19:58:48.521072
542,EQR,Equity Residential,1,1,648,1,2023-06-25 19:58:48.521072
543,SHOP,Shopify,1,2,128,1,2023-06-25 19:58:48.521072
544,HL,Hecla Mining,1,61,0,,2023-06-25 19:58:48.521072
545,VB,"Vanguard Group, Inc. - Vanguard Small Cap ETF",1,1,0,,2023-06-25 19:58:48.521072
546,FREE,Whole Earth Brands,1,61,651,1,2023-06-25 19:58:48.521072
547,CB,Chubb,1,1,652,1,2023-06-25 19:58:48.521072
548,BLND,Blend Labs,1,1,654,1,2023-06-25 19:58:48.521072
549,CRH,Cement Roadstone Holding,1,1,655,1,2023-06-25 19:58:48.521072
550,TT,Trane Technologies,1,1,656,1,2023-06-25 19:58:48.521072
551,NOVA,Sunnova,1,1,0,,2023-06-25 19:58:48.521072
552,HERO,Global X Funds - Global X Video Games & Esports ETF,1,5,657,1,2023-06-25 19:58:48.521072
553,CN,DBX ETF Trust - Xtrackers MSCI All China Equity ETF,1,1,658,1,2023-06-25 19:58:48.521072
554,APOG,Apogee Enterprises,1,3,0,,2023-06-25 19:58:48.521072
555,ESS,Essex Property Trust,1,1,659,1,2023-06-25 19:58:48.521072
556,DEFA,BlackRock Institutional Trust Company N.A. - BTC iShares Adaptive Curr,1,2,0,,2023-06-25 19:58:48.521072
557,APPS,Digital Turbine,1,2,662,1,2023-06-25 19:58:48.521072
558,EL,Estee Lauder,1,1,664,1,2023-06-25 19:58:48.521072
559,SGOL,Aberdeen Standard Investments ETF - Aberdeen Standard Physical Gold Sh,1,1,0,,2023-06-25 19:58:48.521072
560,NINE,Nine Energy Service,1,2,666,1,2023-06-25 19:58:48.521072
561,JOBY,Joby Aviation,1,2,667,1,2023-06-25 19:58:48.521072
562,SA,Seabridge Gold,1,6,58,2,2023-06-25 19:58:48.521072
563,B,Barnes Group,1,4,649,,2023-06-25 19:58:48.521072
564,DAWN,Day One Biopharmaceuticals,1,1,670,1,2023-06-25 19:58:48.521072
565,NOC,Northrop Grumman,1,197,671,1,2023-06-25 19:58:48.521072
566,PNC,PNC Financial Services,1,1,0,,2023-06-25 19:58:48.521072
567,AMWL,American Well,1,1,673,1,2023-06-25 19:58:48.521072
568,NR,Newpark Resources,1,2,674,1,2023-06-25 19:58:48.521072
569,ARDX,Ardelyx,1,1,678,1,2023-06-25 19:58:48.521072
570,BYD,Boyd Gaming,1,-2,0,,2023-06-25 19:58:48.521072
571,NXE,NexGen Energy,1,2,681,1,2023-06-25 19:58:48.521072
572,HEI,HEICO,1,1,683,1,2023-06-25 19:58:48.521072
573,AB,AllianceBernstein,1,0,96,2,2023-06-25 19:58:48.521072
574,BY,Byline Bancorp,1,-9,685,1,2023-06-25 19:58:48.521072
575,SPR,Spirit AeroSystems,1,1,686,1,2023-06-25 19:58:48.521072
576,BBIG,Vinco Ventures,1,42,687,1,2023-06-25 19:58:48.521072
577,BORR,Borr Drilling,1,1,688,1,2023-06-25 19:58:48.521072
578,AWAY,ETF Managers Trust - ETFMG Travel Tech ETF,1,1,690,1,2023-06-25 19:58:48.521072
579,CYXT,Cyxtera Technologies,1,1,0,,2023-06-25 19:58:48.521072
580,VZ,Verizon,1,1,320,,2023-06-25 19:58:48.521072
581,MTD,Mettler-Toledo,1,3,692,1,2023-06-25 19:58:48.521072
582,VICI,VICI Properties,1,4,694,1,2023-06-25 19:58:48.521072
583,TR,Tootsie Roll Industries,1,4,695,,2023-06-25 19:58:48.521072
584,FSR,Fisker,1,1,696,1,2023-06-25 19:58:48.521072
585,CS,Credit Suisse,1,2,697,1,2023-06-25 19:58:48.521072
586,JD,Jingdong Mall,1,1,700,1,2023-06-25 19:58:48.521072
587,WULF,TeraWulf,1,3,701,1,2023-06-25 19:58:48.521072
588,UPST,Upstart,1,1,703,1,2023-06-25 19:58:48.521072
589,WANT,Direxion Shares ETF Trust - Direxion Daily Consumer Discretionary Bull,1,3,705,,2023-06-25 19:58:48.521072
590,BBY,Best Buy,1,1,707,1,2023-06-25 19:58:48.521072
591,CAVA,CAVA Group,1,4,708,1,2023-06-25 19:58:48.521072
592,SOXX,BlackRock Institutional Trust Company N.A. - BTC iShares PHLX Semicond,1,0,710,1,2023-06-25 19:58:48.521072
593,API,Agora.io,1,8,43,7,2023-06-25 19:58:48.521072
594,FDX,FedEx,1,0,711,1,2023-06-25 19:58:48.521072
595,OC,Owens Corning,1,14,712,1,2023-06-25 19:58:48.521072
596,VMD,Viemed Healthcare,1,3,715,1,2023-06-25 19:58:48.521072
597,CAT,Caterpillar,1,1,129,1,2023-06-25 19:58:48.521072
598,VEU,"Vanguard Group, Inc. - Vanguard FTSE All-World ex-US ETF",1,0,716,1,2023-06-25 19:58:48.521072
599,T,AT&T,1,1,719,1,2023-06-25 19:58:48.521072
600,SRT,StarTek,1,3,720,1,2023-06-25 19:58:48.521072
601,WDC,Western Digital,1,1,130,2,2023-06-25 19:58:48.521072
602,PSFE,Paysafe,1,2,725,1,2023-06-25 19:58:48.521072
603,FNGD,MicroSectors™ FANG+™ Index -3X Inverse Leveraged ETNs,1,1,0,,2023-06-25 19:58:48.521072
604,RGTI,Rigetti Computing,1,6,728,1,2023-06-25 19:58:48.521072
605,CL,Colgate-Palmolive,1,6,729,1,2023-06-25 19:58:48.521072
606,AKA,a.k.a. Brands,1,2,131,2,2023-06-25 19:58:48.521072
607,CLF,Cleveland-Cliffs,1,1,730,1,2023-06-25 19:58:48.521072
608,PAR,PAR Technology,1,4,731,1,2023-06-25 19:58:48.521072
609,MSOS,Advisorshares Trust - AdvisorShares Pure US Cannabis ETF,1,8,733,1,2023-06-25 19:58:48.521072
610,NGL,NGL Energy Partners,1,8,736,1,2023-06-25 19:58:48.521072
611,SCHB,Schwab Strategic Trust - CSIM Schwab U.S. Broad Market ETF,1,1,738,1,2023-06-25 19:58:48.521072
612,ERIC,Ericsson,1,3,741,1,2023-06-25 19:58:48.521072
613,TW,Tradeweb,1,0,742,1,2023-06-25 19:58:48.521072
614,FNGU,MicroSectors™ FANG+™ Index 3X Leveraged ETNs,1,1,355,,2023-06-25 19:58:48.521072
615,FFIE,Faraday Future,1,3,744,1,2023-06-25 19:58:48.521072
616,ESE,ESCO Technologies,1,1,746,1,2023-06-25 19:58:48.521072
617,SDG,iShares Trust - iShares MSCI Global Impact ETF,1,0,0,,2023-06-25 19:58:48.521072
618,ACT,Enact Holdings,1,5,749,1,2023-06-25 19:58:48.521072
619,SPXS,Direxion Shares ETF Trust - Direxion Daily S&P 500 Bear 3X Shares,1,1,750,1,2023-06-25 19:58:48.521072
620,UGE,ProShares Trust - ProShares Ultra Consumer Goods,1,107,227,,2023-06-25 19:58:48.521072
621,PLAB,Photronics,1,1,751,1,2023-06-25 19:58:48.521072
622,FLNC,Fluence Energy,1,4,752,1,2023-06-25 19:58:48.521072
623,MIR,Mirion Technologies,1,3,756,1,2023-06-25 19:58:48.521072
624,BNO,United States Commodity Funds LLC - United States Brent Crude Oil Fund,1,1,757,1,2023-06-25 19:58:48.521072
625,AMLP,ALPS Fund Services - ALPS Alerian MLP ETF,1,-1,0,,2023-06-25 19:58:48.521072
626,CVS,CVS Health,1,3,132,2,2023-06-25 19:58:48.521072
627,CHAD,Direxion Shares ETF Trust - Direxion Daily CSI 300 China A Share Bear,1,2,758,1,2023-06-25 19:58:48.521072
628,WSM,Williams-Sonoma,1,3,133,2,2023-06-25 19:58:48.521072
629,UFO,Procure ETF Trust II - Procure Space ETF,1,8,98,3,2023-06-25 19:58:48.521072
630,LYFT,Lyft,1,1,759,1,2023-06-25 19:58:48.521072
631,HAS,Hasbro,1,2,760,1,2023-06-25 19:58:48.521072
632,MARA,Marathon Digital Holdings,1,1,763,1,2023-06-25 19:58:48.521072
633,NSSC,NAPCO Security Technologies,1,2,764,1,2023-06-25 19:58:48.521072
634,CP,Canadian Pacific Railway,1,1,768,1,2023-06-25 19:58:48.521072
635,EPD,Enterprise Products,1,-1,0,,2023-06-25 19:58:48.521072
636,SMCI,Supermicro,1,2,770,1,2023-06-25 19:58:48.521072
637,SM,SM Energy,1,1,0,,2023-06-25 19:58:48.521072
638,BABA,Alibaba,1,2,80,4,2023-06-25 19:58:48.521072
639,PT,Pintec Technology,1,1,774,1,2023-06-25 19:58:48.521072
640,CWCO,Consolidated Water,1,1,775,1,2023-06-25 19:58:48.521072
641,NOW,ServiceNow,1,1,776,3,2023-06-25 19:58:48.521072
642,PHYS,Sprott Physical Gold Trust,1,-1,0,,2023-06-25 19:58:48.521072
643,TTM,Tata Motors,1,1,779,1,2023-06-25 19:58:48.521072
644,RIVN,Rivian,1,3,780,1,2023-06-25 19:58:48.521072
645,BYND,Beyond Meat,1,1,722,,2023-06-25 19:58:48.521072
646,TYL,Tyler Technologies,1,2,783,1,2023-06-25 19:58:48.521072
647,BBBY,Bed Bath &amp; Beyond,1,1,784,1,2023-06-25 19:58:48.521072
648,SIL,Global X Funds - Global X Silver Miners ETF,1,-1,0,,2023-06-25 19:58:48.521072
649,SCHE,Schwab Strategic Trust - CSIM Schwab Emerging Markets Equity ETF,1,1,787,1,2023-06-25 19:58:48.521072
650,ADBE,Adobe,1,1,788,1,2023-06-25 19:58:48.521072
651,TOP,TOP Financial Group Limited,1,3,789,1,2023-06-25 19:58:48.521072
652,RL,Ralph Lauren,1,1,0,,2023-06-25 19:58:48.521072
653,DOOO,Bombardier Recreational Products,1,1,790,1,2023-06-25 19:58:48.521072
654,SGDM,Sprott Funds Trust. - Sprott Gold Miners ETF,1,-1,0,,2023-06-25 19:58:48.521072
655,PL,Planet Labs,1,2,791,1,2023-06-25 19:58:48.521072
656,SCHH,Schwab Strategic Trust - CSIM Schwab U.S. REIT ETF,1,1,792,1,2023-06-25 19:58:48.521072
657,VGT,"Vanguard Group, Inc. - Vanguard Information Technology ETF",1,1,44,8,2023-06-25 19:58:48.521072
658,BL,BlackLine,1,2,793,1,2023-06-25 19:58:48.521072
659,SBB,ProShares Trust - ProShares Short SmallCap600,1,5,795,1,2023-06-25 19:58:48.521072
660,GO,Grocery Outlet,1,0,134,1,2023-06-25 19:58:48.521072
661,SCHA,Schwab Strategic Trust - CSIM Schwab U.S. Small-Cap ETF,1,1,797,1,2023-06-25 19:58:48.521072
662,SWBI,Smith &amp; Wesson,1,1,798,1,2023-06-25 19:58:48.521072
663,GE,General Electric,1,1,799,1,2023-06-25 19:58:48.521072
664,JPM,JPMorgan Chase,1,2,99,2,2023-06-25 19:58:48.521072
665,TGT,Target,1,1,801,1,2023-06-25 19:58:48.521072
666,AVTR,Avantor,1,3,802,1,2023-06-25 19:58:48.521072
667,ARKK,ARK Investment Management LLC - ARK Innovation ETF,1,-2,804,1,2023-06-25 19:58:48.521072
668,SCHG,Schwab Strategic Trust - CSIM Schwab U.S. Large-Cap Growth ETF,1,1,806,1,2023-06-25 19:58:48.521072
669,APPH,AppHarvest,1,1,807,1,2023-06-25 19:58:48.521072
670,GET,Getnet,1,1,135,3,2023-06-25 19:58:48.521072
671,USO,United States Commodity Funds LLC - United States Oil Fund,1,2,809,1,2023-06-25 19:58:48.521072
672,BH,Biglari,1,1,0,,2023-06-25 19:58:48.521072
673,VPN,Global X Funds - Global X Data Center REITs & Digital Infrastructure E,1,11,810,1,2023-06-25 19:58:48.521072
674,BUD,Anheuser-Busch Inbev,1,3,812,1,2023-06-25 19:58:48.521072
675,BFC,Bank First,1,1,813,1,2023-06-25 19:58:48.521072
676,BK,Bank of New York Mellon,1,4,814,1,2023-06-25 19:58:48.521072
677,SIRI,Sirius XM,1,2,816,1,2023-06-25 19:58:48.521072
678,ICE,Intercontinental Exchange,1,2,818,1,2023-06-25 19:58:48.521072
679,MS,Morgan Stanley,1,2,819,1,2023-06-25 19:58:48.521072
680,SCHF,Schwab Strategic Trust - CSIM Schwab International Equity ETF,1,1,822,1,2023-06-25 19:58:48.521072
681,UST,ProShares Trust - ProShares Ultra 7-10 Year Treasury,1,1,823,1,2023-06-25 19:58:48.521072
682,GOOG,Alphabet (Google),1,5,60,2,2023-06-25 19:58:48.521072
683,PARA,Paramount Global,1,2,294,,2023-06-25 19:58:48.521072
684,VO,"Vanguard Group, Inc. - Vanguard Mid-Cap ETF",1,1,0,,2023-06-25 19:58:48.521072
685,SPIR,Spire Global,1,2,826,1,2023-06-25 19:58:48.521072
686,MMS,Maximus,1,1,828,1,2023-06-25 19:58:48.521072
687,JACK,Jack in the Box,1,20,830,1,2023-06-25 19:58:48.521072
688,USB,U.S. Bancorp,1,1,100,3,2023-06-25 19:58:48.521072
689,DEI,Douglas Emmett,1,1,815,,2023-06-25 19:58:48.521072
690,DDOG,Datadog,1,13,832,1,2023-06-25 19:58:48.521072
691,MVIS,Microvision,1,-2,833,1,2023-06-25 19:58:48.521072
692,CFG,Citizens Financial Group,1,1,835,1,2023-06-25 19:58:48.521072
693,NVOS,Novo Integrated Sciences,1,1,836,1,2023-06-25 19:58:48.521072
694,VNQ,"Vanguard Group, Inc. - Vanguard Real Estate Index Fund ETF",1,1,837,1,2023-06-25 19:58:48.521072
695,QQQM,Invesco Exchange-Traded Fund Trust II - Invesco NASDAQ 100 ETF,1,1,82,4,2023-06-25 19:58:48.521072
696,CARS,Cars.com,1,-6,0,,2023-06-25 19:58:48.521072
697,ANET,Arista Networks,1,2,154,,2023-06-25 19:58:48.521072
698,SAFE,Safehold,1,1,843,1,2023-06-25 19:58:48.521072
699,BR,Broadridge Financial Solutions,1,3,844,1,2023-06-25 19:58:48.521072
700,VSS,"Vanguard Group, Inc. - Vanguard FTSE All-World Ex-US Small Capital Ind",1,1,845,,2023-06-25 19:58:48.521072
701,RPRX,Royalty Pharma,1,2,846,1,2023-06-25 19:58:48.521072
702,SOXL,Direxion Shares ETF Trust - Direxion Daily Semiconductor Bull 3X Share,1,1,847,1,2023-06-25 19:58:48.521072
703,TFIN,Triumph Financial,1,4,848,1,2023-06-25 19:58:48.521072
704,PED,PEDEVCO,1,2,850,1,2023-06-25 19:58:48.521072
705,PEG,PSEG,1,2,851,1,2023-06-25 19:58:48.521072
706,PAY,Paymentus,1,2,852,,2023-06-25 19:58:48.521072
707,FF,FutureFuel,1,1,853,,2023-06-25 19:58:48.521072
708,MKC,McCormick & Company,1,1,0,,2023-06-25 19:58:48.521072
709,CROX,Crocs,1,2,854,1,2023-06-25 19:58:48.521072
710,CVX,Chevron,1,1,920,,2023-06-25 19:58:48.521072
711,ULTA,ULTA Beauty,1,1,855,1,2023-06-25 19:58:48.521072
712,CO,Global Cord Blood,1,2,136,1,2023-06-25 19:58:48.521072
713,FAT,FAT Brands,1,2,0,,2023-06-25 19:58:48.521072
714,PSI,Invesco Capital Management LLC - Invesco Dynamic Semiconductors ETF,1,2,856,1,2023-06-25 19:58:48.521072
715,DRS,Leonardo DRS,1,2,857,1,2023-06-25 19:58:48.521072
716,SNDL,Sundial Growers,1,3,0,,2023-06-25 19:58:48.521072
717,AFK,VanEck Vectors ETF Trust - VanEck Vectors Africa Index ETF,1,6,858,1,2023-06-25 19:58:48.521072
718,RENT,Rent the Runway,1,14,859,1,2023-06-25 19:58:48.521072
719,X,U.S. Steel,1,2,861,1,2023-06-25 19:58:48.521072
720,RIO,Rio Tinto,1,1,0,,2023-06-25 19:58:48.521072
721,EXPE,Expedia,1,2,858,1,2023-06-25 19:58:48.521072
722,SMG,ScottsMiracle-Gro,1,4,863,,2023-06-25 19:58:48.521072
723,ARKF,ARK ETF Trust - ARK Fintech Innovation ETF,1,0,864,1,2023-06-25 19:58:48.521072
724,BTU,Peabody Energy,1,1,865,1,2023-06-25 19:58:48.521072
725,CANO,Cano Health,1,1,866,1,2023-06-25 19:58:48.521072
726,BBC,ETFis Series Trust I - Virtus LifeSci Biotech Clinical Trials ETF,1,1,869,2,2023-06-25 19:58:48.521072
727,AGNC,AGNC Investment,1,-1,871,1,2023-06-25 19:58:48.521072
728,CBRE,CBRE Group,1,1,0,,2023-06-25 19:58:48.521072
729,SCLX,Scilex Holding,1,20,872,1,2023-06-25 19:58:48.521072
730,LL,Lumber Liquidators,1,5,865,1,2023-06-25 19:58:48.521072
731,OZON,Ozon,1,1,867,1,2023-06-25 19:58:48.521072
732,MDB,MongoDB,1,0,874,1,2023-06-25 19:58:48.521072
733,IEP,Icahn Enterprises,1,2,875,1,2023-06-25 19:58:48.521072
734,NA,Nano Labs,1,1,876,1,2023-06-25 19:58:48.521072
735,FUBO,fuboTV,1,2,877,2,2023-06-25 19:58:48.521072
736,RBC,Regal Beloit,1,1,879,1,2023-06-25 19:58:48.521072
737,ASX,ASE Group,1,0,873,1,2023-06-25 19:58:48.521072
738,LHX,L3Harris Technologies,1,14,880,1,2023-06-25 19:58:48.521072
739,NYT,New York Times,1,1,539,,2023-06-25 19:58:48.521072
740,CME,CME Group,1,1,881,1,2023-06-25 19:58:48.521072
741,MGM,MGM Resorts,1,1,790,,2023-06-25 19:58:48.521072
742,IONQ,IonQ,1,1,101,1,2023-06-25 19:58:48.521072
743,ECPG,Encore Capital Group,1,3,882,1,2023-06-25 19:58:48.521072
744,ESPR,Esperion Therapeutics,1,1,883,1,2023-06-25 19:58:48.521072
745,CRC,California Resources Corporation,1,1,879,1,2023-06-25 19:58:48.521072
746,AZO,AutoZone,1,1,0,,2023-06-25 19:58:48.521072
747,LOW,Lowe's Companies,1,1,888,1,2023-06-25 19:58:48.521072
748,TIL,Instil Bio,1,1,31,7,2023-06-25 19:58:48.521072
749,WYNN,Wynn Resorts,1,1,0,,2023-06-25 19:58:48.521072
750,PRPL,Purple Innovation,1,1,889,1,2023-06-25 19:58:48.521072
751,TK,Teekay,1,1,891,1,2023-06-25 19:58:48.521072
752,UPS,United Parcel Service,1,1,83,3,2023-06-25 19:58:48.521072
753,ROKU,Roku,1,2,892,1,2023-06-25 19:58:48.521072
754,AR,Antero Resources,1,4,45,6,2023-06-25 19:58:48.521072
755,PICK,BlackRock Institutional Trust Company N.A. - BTC iShares MSCI Global M,1,1,895,1,2023-06-25 19:58:48.521072
756,MF,Missfresh,1,1,84,4,2023-06-25 19:58:48.521072
757,CMA,Comerica,1,2,898,1,2023-06-25 19:58:48.521072
758,OLED,Universal Display Corporation,1,2,899,1,2023-06-25 19:58:48.521072
759,CCS,Century Communities,1,4,900,1,2023-06-25 19:58:48.521072
760,SHW,Sherwin-Williams,1,11,895,1,2023-06-25 19:58:48.521072
761,NDAQ,Nasdaq,1,1,902,1,2023-06-25 19:58:48.521072
762,AZ,A2Z Smart Technologies,1,1,138,2,2023-06-25 19:58:48.521072
763,SLV,BlackRock Institutional Trust Company N.A. - BTC iShares Silver Trust,1,1,910,1,2023-06-25 19:58:48.521072
764,OUT,Outfront Media,1,-4,904,1,2023-06-25 19:58:48.521072
765,AMR,Alpha Metallurgical Resources,1,0,905,1,2023-06-25 19:58:48.521072
766,RCL,Royal Caribbean,1,3,906,1,2023-06-25 19:58:48.521072
767,WFRD,Weatherford International,1,1,907,1,2023-06-25 19:58:48.521072
768,DT,Dynatrace,1,2,908,1,2023-06-25 19:58:48.521072
769,LI,Li Auto,1,10,909,1,2023-06-25 19:58:48.521072
770,OR,Osisko Gold Royalties,1,1,46,6,2023-06-25 19:58:48.521072
771,CLX,Clorox,1,8,905,1,2023-06-25 19:58:48.521072
772,DB,Deutsche Bank,1,2,910,1,2023-06-25 19:58:48.521072
773,GS,Goldman Sachs,1,0,63,1,2023-06-25 19:58:48.521072
774,NFE,New Fortress Energy,1,4,0,,2023-06-25 19:58:48.521072
775,CAR,Avis Budget Group,1,4,913,1,2023-06-25 19:58:48.521072
776,BTAI,BioXcel Therapeutics,1,1,914,1,2023-06-25 19:58:48.521072
777,BOWL,Bowlero,1,1,915,1,2023-06-25 19:58:48.521072
778,LIFE,aTyr Pharma,1,2,916,1,2023-06-25 19:58:48.521072
779,DAX,Global X Funds - Global X DAX Germany ETF,1,2,917,1,2023-06-25 19:58:48.521072
780,BAC,Bank of America,1,0,918,1,2023-06-25 19:58:48.521072
781,GAN,GAN,1,-1,0,,2023-06-25 19:58:48.521072
782,ESG,FlexShares Trust - FlexShares STOXX US ESG Impact Index Fund,1,1,921,1,2023-06-25 19:58:48.521072
783,MOAT,VanEck Vectors ETF Trust - VanEck Vectors Morningstar Wide Moat ETF,1,1,922,1,2023-06-25 19:58:48.521072
784,EBAY,eBay,1,0,923,1,2023-06-25 19:58:48.521072
785,DNA,Ginkgo Bioworks,1,1,924,1,2023-06-25 19:58:48.521072
786,DE,Deere & Company,1,1,925,1,2023-06-25 19:58:48.521072
787,WGS,GeneDx Holdings,1,-6,926,1,2023-06-25 19:58:48.521072
788,NICE,NICE,1,1,724,,2023-06-25 19:58:48.521072
789,OMFL,Invesco Capital Management LLC - Invesco Russell 1000 Dynamic Multifac,1,-2,928,1,2023-06-25 19:58:48.521072
790,YNDX,Yandex,1,1,931,1,2023-06-25 19:58:48.521072
791,BND,"Vanguard Group, Inc. - Vanguard Total Bond Market ETF",1,1,933,1,2023-06-25 19:58:48.521072
792,CMG,Chipotle Mexican Grill,1,1,934,1,2023-06-25 19:58:48.521072
793,ALLO,Allogene Therapeutics,1,4,937,1,2023-06-25 19:58:48.521072
794,UCO,ProShares Trust - ProShares Ultra Bloomberg Crude Oil,1,2,0,,2023-06-25 19:58:48.521072
